unseen_generators,model,split,accuracy,precision,recall,f1,roc_auc
adm,baseline_cnn,seen,0.7961904761904762,0.7890334572490706,0.8085714285714286,0.7986829727187206,0.8876408163265306
adm,baseline_cnn,unseen,0.6014634146341463,0.6436420722135008,0.41,0.5009163103237629,0.6669371428571429
adm,frequency_hybrid,seen,0.7080952380952381,0.7543655413271245,0.6171428571428571,0.678889470927187,0.7946965986394556
adm,frequency_hybrid,unseen,0.6526829268292683,0.7229102167182663,0.467,0.5674362089914945,0.729912380952381
adm,frequency_radial,seen,0.6490476190476191,0.6184708554125662,0.7780952380952381,0.6891606916912695,0.7047619047619047
adm,frequency_radial,unseen,0.6107317073170732,0.6485294117647059,0.441,0.525,0.6897914285714286
adm,resnet18,seen,0.819047619047619,0.7991071428571429,0.8523809523809524,0.8248847926267281,0.9061514739229024
adm,resnet18,unseen,0.6160975609756097,0.6858638743455497,0.393,0.4996821360457724,0.6918095238095238
adm,vit_small,seen,0.89,0.8809302325581395,0.901904761904762,0.8912941176470588,0.9566131519274378
adm,vit_small,unseen,0.6014634146341463,0.7699115044247787,0.261,0.3898431665421957,0.709312380952381
biggan,baseline_cnn,seen,0.7961904761904762,0.7890334572490706,0.8085714285714286,0.7986829727187206,0.8876408163265306
biggan,baseline_cnn,unseen,0.8165853658536585,0.8223140495867769,0.796,0.8089430894308943,0.9009671428571429
biggan,frequency_hybrid,seen,0.7080952380952381,0.7543655413271245,0.6171428571428571,0.678889470927187,0.7946965986394556
biggan,frequency_hybrid,unseen,0.8985365853658537,0.8322147651006712,0.992,0.9051094890510948,0.9705
biggan,frequency_radial,seen,0.6490476190476191,0.6184708554125662,0.7780952380952381,0.6891606916912695,0.7047619047619047
biggan,frequency_radial,unseen,0.7502439024390244,0.7525879917184265,0.727,0.7395727365208545,0.8508771428571429
biggan,resnet18,seen,0.819047619047619,0.7991071428571429,0.8523809523809524,0.8248847926267281,0.9061514739229024
biggan,resnet18,unseen,0.8126829268292682,0.8067729083665338,0.81,0.8083832335329342,0.8871542857142856
biggan,vit_small,seen,0.89,0.8809302325581395,0.901904761904762,0.8912941176470588,0.9566131519274378
biggan,vit_small,unseen,0.871219512195122,0.8825363825363826,0.849,0.8654434250764526,0.948964761904762
glide,baseline_cnn,seen,0.7961904761904762,0.7890334572490706,0.8085714285714286,0.7986829727187206,0.8876408163265306
glide,baseline_cnn,unseen,0.864390243902439,0.8546168958742633,0.87,0.8622398414271556,0.9359266666666668
glide,frequency_hybrid,seen,0.7080952380952381,0.7543655413271245,0.6171428571428571,0.678889470927187,0.7946965986394556
glide,frequency_hybrid,unseen,0.8975609756097561,0.8381849315068494,0.979,0.9031365313653136,0.9669914285714284
glide,frequency_radial,seen,0.6490476190476191,0.6184708554125662,0.7780952380952381,0.6891606916912695,0.7047619047619047
glide,frequency_radial,unseen,0.693170731707317,0.7216248506571087,0.604,0.6575939031028851,0.8047723809523809
glide,resnet18,seen,0.819047619047619,0.7991071428571429,0.8523809523809524,0.8248847926267281,0.9061514739229024
glide,resnet18,unseen,0.8312195121951219,0.8114285714285714,0.852,0.8312195121951219,0.9090942857142856
glide,vit_small,seen,0.89,0.8809302325581395,0.901904761904762,0.8912941176470588,0.9566131519274378
glide,vit_small,unseen,0.9058536585365854,0.9071644803229062,0.899,0.9030637870416875,0.9630685714285714
midjourney,baseline_cnn,seen,0.7961904761904762,0.7890334572490706,0.8085714285714286,0.7986829727187206,0.8876408163265306
midjourney,baseline_cnn,unseen,0.5263414634146342,0.5527272727272727,0.152,0.2384313725490196,0.606692380952381
midjourney,frequency_hybrid,seen,0.7080952380952381,0.7543655413271245,0.6171428571428571,0.678889470927187,0.7946965986394556
midjourney,frequency_hybrid,unseen,0.5756097560975609,0.6577669902912622,0.271,0.3838526912181303,0.6974009523809522
midjourney,frequency_radial,seen,0.6490476190476191,0.6184708554125662,0.7780952380952381,0.6891606916912695,0.7047619047619047
midjourney,frequency_radial,unseen,0.604390243902439,0.64,0.432,0.5158208955223881,0.6720076190476191
midjourney,resnet18,seen,0.819047619047619,0.7991071428571429,0.8523809523809524,0.8248847926267281,0.9061514739229024
midjourney,resnet18,unseen,0.635609756097561,0.7495069033530573,0.38,0.504313205043132,0.7387019047619048
midjourney,vit_small,seen,0.89,0.8809302325581395,0.901904761904762,0.8912941176470588,0.9566131519274378
midjourney,vit_small,unseen,0.6897560975609756,0.837037037037037,0.452,0.587012987012987,0.8325571428571428
sdv1_5,baseline_cnn,seen,0.7961904761904762,0.7890334572490706,0.8085714285714286,0.7986829727187206,0.8876408163265306
sdv1_5,baseline_cnn,unseen,0.6580487804878049,0.7361769352290679,0.466,0.5707287201469687,0.7831142857142857
sdv1_5,frequency_hybrid,seen,0.7080952380952381,0.7543655413271245,0.6171428571428571,0.678889470927187,0.7946965986394556
sdv1_5,frequency_hybrid,unseen,0.5614634146341464,0.628498727735369,0.247,0.3546302943287868,0.6666828571428572
sdv1_5,frequency_radial,seen,0.6490476190476191,0.6184708554125662,0.7780952380952381,0.6891606916912695,0.7047619047619047
sdv1_5,frequency_radial,unseen,0.5770731707317073,0.5851472471190781,0.457,0.5131948343627176,0.6020419047619048
sdv1_5,resnet18,seen,0.819047619047619,0.7991071428571429,0.8523809523809524,0.8248847926267281,0.9061514739229024
sdv1_5,resnet18,unseen,0.7882926829268293,0.8137472283813747,0.734,0.7718191377497371,0.874427619047619
sdv1_5,vit_small,seen,0.89,0.8809302325581395,0.901904761904762,0.8912941176470588,0.9566131519274378
sdv1_5,vit_small,unseen,0.8190243902439024,0.8936170212765957,0.714,0.7937743190661478,0.9211123809523808
sdv1_5+wukong,baseline_cnn,seen,0.7961904761904762,0.7890334572490706,0.8085714285714286,0.7986829727187206,0.8876408163265306
sdv1_5+wukong,baseline_cnn,unseen,0.3577049180327868,0.5872340425531914,0.069,0.123489932885906,0.5665023809523809
sdv1_5+wukong,frequency_hybrid,seen,0.7080952380952381,0.7543655413271245,0.6171428571428571,0.678889470927187,0.7946965986394556
sdv1_5+wukong,frequency_hybrid,unseen,0.3740983606557377,0.6630824372759857,0.0925,0.1623519087318999,0.6118271428571429
sdv1_5+wukong,frequency_radial,seen,0.6490476190476191,0.6184708554125662,0.7780952380952381,0.6891606916912695,0.7047619047619047
sdv1_5+wukong,frequency_radial,unseen,0.4039344262295082,0.6723484848484849,0.1775,0.2808544303797468,0.5475080952380952
sdv1_5+wukong,resnet18,seen,0.819047619047619,0.7991071428571429,0.8523809523809524,0.8248847926267281,0.9061514739229024
sdv1_5+wukong,resnet18,unseen,0.541311475409836,0.8573127229488704,0.3605,0.5075677578317493,0.7269028571428571
sdv1_5+wukong,vit_small,seen,0.89,0.8809302325581395,0.901904761904762,0.8912941176470588,0.9566131519274378
sdv1_5+wukong,vit_small,unseen,0.5462295081967213,0.9010416666666666,0.346,0.5,0.7881647619047619
vqdm,baseline_cnn,seen,0.7961904761904762,0.7890334572490706,0.8085714285714286,0.7986829727187206,0.8876408163265306
vqdm,baseline_cnn,unseen,0.573170731707317,0.6506024096385542,0.27,0.381625441696113,0.6479114285714287
vqdm,frequency_hybrid,seen,0.7080952380952381,0.7543655413271245,0.6171428571428571,0.678889470927187,0.7946965986394556
vqdm,frequency_hybrid,unseen,0.5795121951219512,0.6487068965517241,0.301,0.4112021857923497,0.6125161904761904
vqdm,frequency_radial,seen,0.6490476190476191,0.6184708554125662,0.7780952380952381,0.6891606916912695,0.7047619047619047
vqdm,frequency_radial,unseen,0.5039024390243902,0.4840525328330206,0.258,0.3365949119373776,0.5176157142857143
vqdm,resnet18,seen,0.819047619047619,0.7991071428571429,0.8523809523809524,0.8248847926267281,0.9061514739229024
vqdm,resnet18,unseen,0.6024390243902439,0.7176470588235294,0.305,0.4280701754385965,0.6831209523809523
vqdm,vit_small,seen,0.89,0.8809302325581395,0.901904761904762,0.8912941176470588,0.9566131519274378
vqdm,vit_small,unseen,0.6078048780487805,0.7692307692307693,0.28,0.4105571847507331,0.7321828571428572
wukong,baseline_cnn,seen,0.7961904761904762,0.7890334572490706,0.8085714285714286,0.7986829727187206,0.8876408163265306
wukong,baseline_cnn,unseen,0.6278048780487805,0.7158469945355191,0.393,0.5074241446094254,0.7176466666666667
wukong,frequency_hybrid,seen,0.7080952380952381,0.7543655413271245,0.6171428571428571,0.678889470927187,0.7946965986394556
wukong,frequency_hybrid,unseen,0.5658536585365853,0.6354679802955665,0.258,0.3669985775248933,0.678257619047619
wukong,frequency_radial,seen,0.6490476190476191,0.6184708554125662,0.7780952380952381,0.6891606916912695,0.7047619047619047
wukong,frequency_radial,unseen,0.5721951219512195,0.5777496839443742,0.457,0.5103294249022893,0.59658
wukong,resnet18,seen,0.819047619047619,0.7991071428571429,0.8523809523809524,0.8248847926267281,0.9061514739229024
wukong,resnet18,unseen,0.7653658536585366,0.7912457912457912,0.705,0.745637228979376,0.8481257142857143
wukong,vit_small,seen,0.89,0.8809302325581395,0.901904761904762,0.8912941176470588,0.9566131519274378
wukong,vit_small,unseen,0.7775609756097561,0.8685636856368564,0.641,0.7376294591484465,0.8780771428571428
