epoch,train_loss,train_accuracy,train_precision,train_recall,train_f1,train_roc_auc,val_loss,val_accuracy,val_precision,val_recall,val_f1,val_roc_auc
1,0.44718574667463495,0.7863265306122449,0.7841231267719725,0.7902040816326531,0.7871518601341736,0.8714259058725531,0.3504119024674098,0.8452380952380952,0.8599801390268124,0.8247619047619048,0.842002916869227,0.9247528344671201
2,0.33117377232532114,0.8578571428571429,0.8579301898346602,0.8577551020408163,0.8578426370037759,0.93334162848813,0.30282679090187664,0.8814285714285715,0.8914956011730205,0.8685714285714285,0.8798842257597684,0.9447854875283448
3,0.26736923310221455,0.8865306122448979,0.8885925318013952,0.8838775510204082,0.8862287702066708,0.9569925239483549,0.29864555750219596,0.8795238095238095,0.8593327321911632,0.9076190476190477,0.8828161185734136,0.9522911564625851
4,0.22751806838171823,0.9066326530612245,0.9067156562563788,0.906530612244898,0.9066231248086539,0.9688694294044147,0.28346602444847424,0.8885714285714286,0.907185628742515,0.8657142857142858,0.8859649122807017,0.9566775510204082
5,0.19835948295131023,0.923469387755102,0.9246827670896439,0.9220408163265306,0.9233599019006744,0.9761614327363598,0.2746081686481124,0.8938095238095238,0.8868101028999065,0.9028571428571428,0.8947616800377537,0.9607383219954649
6,0.16314757188972162,0.9374489795918367,0.9361139369277721,0.9389795918367347,0.9375445746306673,0.9841568513119535,0.2865709413250997,0.8976190476190476,0.9154228855721394,0.8761904761904762,0.8953771289537713,0.9621015873015873
7,0.14802169824741324,0.9426530612244898,0.9430147058823529,0.9422448979591836,0.9426296447529604,0.9866397750937109,0.2843116126759421,0.8985714285714286,0.9004784688995215,0.8961904761904762,0.8983293556085918,0.9627510204081633
8,0.14013078430477455,0.943265306122449,0.9439901880621423,0.9424489795918367,0.943218954248366,0.9880967305289463,0.2875802503011766,0.9033333333333333,0.9099709583736689,0.8952380952380953,0.9025444071051368,0.9634662131519275
9,0.11703066492719309,0.9555102040816327,0.9547677261613692,0.9563265306122449,0.9555464926590538,0.9916394002498957,0.31050911429426853,0.8961904761904762,0.8977055449330784,0.8942857142857142,0.8959923664122137,0.9617759637188208
10,0.11344382387034747,0.9556122448979592,0.9555192817792287,0.9557142857142857,0.955616773798592,0.9919620158267388,0.3254502547935893,0.8885714285714286,0.8662477558348295,0.919047619047619,0.8918669131238447,0.9632299319727892
