model,split,accuracy,precision,recall,f1,roc_auc
baseline_cnn,seen,0.7961904761904762,0.7890334572490706,0.8085714285714286,0.7986829727187206,0.8876408163265306
baseline_cnn,unseen,0.6278048780487805,0.7158469945355191,0.393,0.5074241446094254,0.7176466666666667
frequency_hybrid,seen,0.7080952380952381,0.7543655413271245,0.6171428571428571,0.678889470927187,0.7946965986394556
frequency_hybrid,unseen,0.5658536585365853,0.6354679802955665,0.258,0.3669985775248933,0.678257619047619
frequency_radial,seen,0.6490476190476191,0.6184708554125662,0.7780952380952381,0.6891606916912695,0.7047619047619047
frequency_radial,unseen,0.5721951219512195,0.5777496839443742,0.457,0.5103294249022893,0.59658
resnet18,seen,0.819047619047619,0.7991071428571429,0.8523809523809524,0.8248847926267281,0.9061514739229024
resnet18,unseen,0.7653658536585366,0.7912457912457912,0.705,0.745637228979376,0.8481257142857143
vit_small,seen,0.89,0.8809302325581395,0.901904761904762,0.8912941176470588,0.9566131519274378
vit_small,unseen,0.7775609756097561,0.8685636856368564,0.641,0.7376294591484465,0.8780771428571428
